timestamp,cpu_percent,memory_percent,memory_used_mb
2026-10-03T12:53:40.513132,0.0,78.7,3840.45
2026-10-03T12:53:41.516948,45.5,79.1,3834.98
2026-10-03T12:53:42.518695,20.7,79.1,3822.05
2026-10-03T12:53:43.528860,29.0,79.1,3810.96
2026-10-03T12:53:44.533777,43.0,79.3,3832.7
2026-10-03T12:53:45.539337,3.3,79.1,3822.48
2026-10-03T12:53:46.540012,3.5,78.8,3798.57
2026-10-03T12:53:47.545649,2.5,78.7,3784.18
2026-10-03T12:53:48.550526,2.5,78.3,3752.72
2026-10-03T12:53:49.556081,2.5,78.2,3743.7
