transaction_id,timestamp,validation_latency,status
0,1790970115.9384232,1.3060000000064687e-06,committed
0,1790970115.9384232,1.3060000000064687e-06,committed
1,1790970115.9389381,3.1090000000011386e-06,committed
0,1790970115.9384232,1.3060000000064687e-06,committed
1,1790970115.9389381,3.1090000000011386e-06,committed
2,1790970115.942337,4.512000000012062e-06,committed
0,1790970115.9384232,1.3060000000064687e-06,committed
1,1790970115.9389381,3.1090000000011386e-06,committed
2,1790970115.942337,4.512000000012062e-06,committed
3,1790970115.9427001,7.487999999999939e-06,committed
0,1790970115.9384232,1.3060000000064687e-06,committed
1,1790970115.9389381,3.1090000000011386e-06,committed
2,1790970115.942337,4.512000000012062e-06,committed
3,1790970115.9427001,7.487999999999939e-06,committed
4,1790970115.943037,8.889000000011915e-06,committed
0,1790970115.9384232,1.3060000000064687e-06,committed
1,1790970115.9389381,3.1090000000011386e-06,committed
2,1790970115.942337,4.512000000012062e-06,committed
3,1790970115.9427001,7.487999999999939e-06,committed
4,1790970115.943037,8.889000000011915e-06,committed
5,1790970115.943375,1.0231999999998909e-05,committed
0,1790970115.9384232,1.3060000000064687e-06,committed
1,1790970115.9389381,3.1090000000011386e-06,committed
2,1790970115.942337,4.512000000012062e-06,committed
3,1790970115.9427001,7.487999999999939e-06,committed
4,1790970115.943037,8.889000000011915e-06,committed
5,1790970115.943375,1.0231999999998909e-05,committed
6,1790970115.943719,1.1426000000008818e-05,committed
0,1790970115.9384232,1.3060000000064687e-06,committed
1,1790970115.9389381,3.1090000000011386e-06,committed
2,1790970115.942337,4.512000000012062e-06,committed
3,1790970115.9427001,7.487999999999939e-06,committed
4,1790970115.943037,8.889000000011915e-06,committed
5,1790970115.943375,1.0231999999998909e-05,committed
6,1790970115.943719,1.1426000000008818e-05,committed
7,1790970115.945199,1.2650000000002937e-05,committed
0,1790970115.9384232,1.3060000000064687e-06,committed
1,1790970115.9389381,3.1090000000011386e-06,committed
2,1790970115.942337,4.512000000012062e-06,committed
3,1790970115.9427001,7.487999999999939e-06,committed
4,1790970115.943037,8.889000000011915e-06,committed
5,1790970115.943375,1.0231999999998909e-05,committed
6,1790970115.943719,1.1426000000008818e-05,committed
7,1790970115.945199,1.2650000000002937e-05,committed
8,1790970115.94592,1.6302999999995293e-05,committed
0,1790970115.9384232,1.3060000000064687e-06,committed
1,1790970115.9389381,3.1090000000011386e-06,committed
2,1790970115.942337,4.512000000012062e-06,committed
3,1790970115.9427001,7.487999999999939e-06,committed
4,1790970115.943037,8.889000000011915e-06,committed
5,1790970115.943375,1.0231999999998909e-05,committed
6,1790970115.943719,1.1426000000008818e-05,committed
7,1790970115.945199,1.2650000000002937e-05,committed
8,1790970115.94592,1.6302999999995293e-05,committed
9,1790970115.9465442,2.3690999999992357e-05,committed
0,1790970115.9384232,1.3060000000064687e-06,committed
1,1790970115.9389381,3.1090000000011386e-06,committed
2,1790970115.942337,4.512000000012062e-06,committed
3,1790970115.9427001,7.487999999999939e-06,committed
4,1790970115.943037,8.889000000011915e-06,committed
5,1790970115.943375,1.0231999999998909e-05,committed
6,1790970115.943719,1.1426000000008818e-05,committed
7,1790970115.945199,1.2650000000002937e-05,committed
8,1790970115.94592,1.6302999999995293e-05,committed
9,1790970115.9465442,2.3690999999992357e-05,committed
10,1790970115.9472399,1.780699999998081e-05,committed
0,1790970115.9384232,1.3060000000064687e-06,committed
1,1790970115.9389381,3.1090000000011386e-06,committed
2,1790970115.942337,4.512000000012062e-06,committed
3,1790970115.9427001,7.487999999999939e-06,committed
4,1790970115.943037,8.889000000011915e-06,committed
5,1790970115.943375,1.0231999999998909e-05,committed
6,1790970115.943719,1.1426000000008818e-05,committed
7,1790970115.945199,1.2650000000002937e-05,committed
8,1790970115.94592,1.6302999999995293e-05,committed
9,1790970115.9465442,2.3690999999992357e-05,committed
10,1790970115.9472399,1.780699999998081e-05,committed
11,1790970115.9481149,2.1441000000010924e-05,committed
0,1790970115.9384232,1.3060000000064687e-06,committed
1,1790970115.9389381,3.1090000000011386e-06,committed
2,1790970115.942337,4.512000000012062e-06,committed
3,1790970115.9427001,7.487999999999939e-06,committed
4,1790970115.943037,8.889000000011915e-06,committed
5,1790970115.943375,1.0231999999998909e-05,committed
6,1790970115.943719,1.1426000000008818e-05,committed
7,1790970115.945199,1.2650000000002937e-05,committed
8,1790970115.94592,1.6302999999995293e-05,committed
9,1790970115.9465442,2.3690999999992357e-05,committed
10,1790970115.9472399,1.780699999998081e-05,committed
11,1790970115.9481149,2.1441000000010924e-05,committed
12,1790970115.948749,0.00014422899999999572,committed
0,1790970115.9384232,1.3060000000064687e-06,committed
1,1790970115.9389381,3.1090000000011386e-06,committed
2,1790970115.942337,4.512000000012062e-06,committed
3,1790970115.9427001,7.487999999999939e-06,committed
4,1790970115.943037,8.889000000011915e-06,committed
5,1790970115.943375,1.0231999999998909e-05,committed
6,1790970115.943719,1.1426000000008818e-05,committed
7,1790970115.945199,1.2650000000002937e-05,committed
8,1790970115.94592,1.6302999999995293e-05,committed
9,1790970115.9465442,2.3690999999992357e-05,committed
10,1790970115.9472399,1.780699999998081e-05,committed
11,1790970115.9481149,2.1441000000010924e-05,committed
12,1790970115.948749,0.00014422899999999572,committed
13,1790970115.9495401,2.2511000000002834e-05,committed
0,1790970115.9384232,1.3060000000064687e-06,committed
1,1790970115.9389381,3.1090000000011386e-06,committed
2,1790970115.942337,4.512000000012062e-06,committed
3,1790970115.9427001,7.487999999999939e-06,committed
4,1790970115.943037,8.889000000011915e-06,committed
5,1790970115.943375,1.0231999999998909e-05,committed
6,1790970115.943719,1.1426000000008818e-05,committed
7,1790970115.945199,1.2650000000002937e-05,committed
8,1790970115.94592,1.6302999999995293e-05,committed
9,1790970115.9465442,2.3690999999992357e-05,committed
10,1790970115.9472399,1.780699999998081e-05,committed
11,1790970115.9481149,2.1441000000010924e-05,committed
12,1790970115.948749,0.00014422899999999572,committed
13,1790970115.9495401,2.2511000000002834e-05,committed
14,1790970115.9504619,2.0478000000018204e-05,committed
0,1790970115.9384232,1.3060000000064687e-06,committed
1,1790970115.9389381,3.1090000000011386e-06,committed
2,1790970115.942337,4.512000000012062e-06,committed
3,1790970115.9427001,7.487999999999939e-06,committed
4,1790970115.943037,8.889000000011915e-06,committed
5,1790970115.943375,1.0231999999998909e-05,committed
6,1790970115.943719,1.1426000000008818e-05,committed
7,1790970115.945199,1.2650000000002937e-05,committed
8,1790970115.94592,1.6302999999995293e-05,committed
9,1790970115.9465442,2.3690999999992357e-05,committed
10,1790970115.9472399,1.780699999998081e-05,committed
11,1790970115.9481149,2.1441000000010924e-05,committed
12,1790970115.948749,0.00014422899999999572,committed
13,1790970115.9495401,2.2511000000002834e-05,committed
14,1790970115.9504619,2.0478000000018204e-05,committed
15,1790970115.950998,2.4304000000002768e-05,committed
0,1790970115.9384232,1.3060000000064687e-06,committed
1,1790970115.9389381,3.1090000000011386e-06,committed
2,1790970115.942337,4.512000000012062e-06,committed
3,1790970115.9427001,7.487999999999939e-06,committed
4,1790970115.943037,8.889000000011915e-06,committed
5,1790970115.943375,1.0231999999998909e-05,committed
6,1790970115.943719,1.1426000000008818e-05,committed
7,1790970115.945199,1.2650000000002937e-05,committed
8,1790970115.94592,1.6302999999995293e-05,committed
9,1790970115.9465442,2.3690999999992357e-05,committed
10,1790970115.9472399,1.780699999998081e-05,committed
11,1790970115.9481149,2.1441000000010924e-05,committed
12,1790970115.948749,0.00014422899999999572,committed
13,1790970115.9495401,2.2511000000002834e-05,committed
14,1790970115.9504619,2.0478000000018204e-05,committed
15,1790970115.950998,2.4304000000002768e-05,committed
16,1790970115.9515011,2.502400000001237e-05,committed
0,1790970115.9384232,1.3060000000064687e-06,committed
1,1790970115.9389381,3.1090000000011386e-06,committed
2,1790970115.942337,4.512000000012062e-06,committed
3,1790970115.9427001,7.487999999999939e-06,committed
4,1790970115.943037,8.889000000011915e-06,committed
5,1790970115.943375,1.0231999999998909e-05,committed
6,1790970115.943719,1.1426000000008818e-05,committed
7,1790970115.945199,1.2650000000002937e-05,committed
8,1790970115.94592,1.6302999999995293e-05,committed
9,1790970115.9465442,2.3690999999992357e-05,committed
10,1790970115.9472399,1.780699999998081e-05,committed
11,1790970115.9481149,2.1441000000010924e-05,committed
12,1790970115.948749,0.00014422899999999572,committed
13,1790970115.9495401,2.2511000000002834e-05,committed
14,1790970115.9504619,2.0478000000018204e-05,committed
15,1790970115.950998,2.4304000000002768e-05,committed
16,1790970115.9515011,2.502400000001237e-05,committed
17,1790970115.952351,9.457000000001603e-05,committed
0,1790970115.9384232,1.3060000000064687e-06,committed
1,1790970115.9389381,3.1090000000011386e-06,committed
2,1790970115.942337,4.512000000012062e-06,committed
3,1790970115.9427001,7.487999999999939e-06,committed
4,1790970115.943037,8.889000000011915e-06,committed
5,1790970115.943375,1.0231999999998909e-05,committed
6,1790970115.943719,1.1426000000008818e-05,committed
7,1790970115.945199,1.2650000000002937e-05,committed
8,1790970115.94592,1.6302999999995293e-05,committed
9,1790970115.9465442,2.3690999999992357e-05,committed
10,1790970115.9472399,1.780699999998081e-05,committed
11,1790970115.9481149,2.1441000000010924e-05,committed
12,1790970115.948749,0.00014422899999999572,committed
13,1790970115.9495401,2.2511000000002834e-05,committed
14,1790970115.9504619,2.0478000000018204e-05,committed
15,1790970115.950998,2.4304000000002768e-05,committed
16,1790970115.9515011,2.502400000001237e-05,committed
17,1790970115.952351,9.457000000001603e-05,committed
18,1790970115.953032,3.2797000000001075e-05,committed
0,1790970115.9384232,1.3060000000064687e-06,committed
1,1790970115.9389381,3.1090000000011386e-06,committed
2,1790970115.942337,4.512000000012062e-06,committed
3,1790970115.9427001,7.487999999999939e-06,committed
4,1790970115.943037,8.889000000011915e-06,committed
5,1790970115.943375,1.0231999999998909e-05,committed
6,1790970115.943719,1.1426000000008818e-05,committed
7,1790970115.945199,1.2650000000002937e-05,committed
8,1790970115.94592,1.6302999999995293e-05,committed
9,1790970115.9465442,2.3690999999992357e-05,committed
10,1790970115.9472399,1.780699999998081e-05,committed
11,1790970115.9481149,2.1441000000010924e-05,committed
12,1790970115.948749,0.00014422899999999572,committed
13,1790970115.9495401,2.2511000000002834e-05,committed
14,1790970115.9504619,2.0478000000018204e-05,committed
15,1790970115.950998,2.4304000000002768e-05,committed
16,1790970115.9515011,2.502400000001237e-05,committed
17,1790970115.952351,9.457000000001603e-05,committed
18,1790970115.953032,3.2797000000001075e-05,committed
19,1790970115.953599,3.292800000001539e-05,committed
0,1790970115.9384232,1.3060000000064687e-06,committed
1,1790970115.9389381,3.1090000000011386e-06,committed
2,1790970115.942337,4.512000000012062e-06,committed
3,1790970115.9427001,7.487999999999939e-06,committed
4,1790970115.943037,8.889000000011915e-06,committed
5,1790970115.943375,1.0231999999998909e-05,committed
6,1790970115.943719,1.1426000000008818e-05,committed
7,1790970115.945199,1.2650000000002937e-05,committed
8,1790970115.94592,1.6302999999995293e-05,committed
9,1790970115.9465442,2.3690999999992357e-05,committed
10,1790970115.9472399,1.780699999998081e-05,committed
11,1790970115.9481149,2.1441000000010924e-05,committed
12,1790970115.948749,0.00014422899999999572,committed
13,1790970115.9495401,2.2511000000002834e-05,committed
14,1790970115.9504619,2.0478000000018204e-05,committed
15,1790970115.950998,2.4304000000002768e-05,committed
16,1790970115.9515011,2.502400000001237e-05,committed
17,1790970115.952351,9.457000000001603e-05,committed
18,1790970115.953032,3.2797000000001075e-05,committed
19,1790970115.953599,3.292800000001539e-05,committed
20,1790970115.9541702,3.262400000000887e-05,committed
0,1790970115.9384232,1.3060000000064687e-06,committed
1,1790970115.9389381,3.1090000000011386e-06,committed
2,1790970115.942337,4.512000000012062e-06,committed
3,1790970115.9427001,7.487999999999939e-06,committed
4,1790970115.943037,8.889000000011915e-06,committed
5,1790970115.943375,1.0231999999998909e-05,committed
6,1790970115.943719,1.1426000000008818e-05,committed
7,1790970115.945199,1.2650000000002937e-05,committed
8,1790970115.94592,1.6302999999995293e-05,committed
9,1790970115.9465442,2.3690999999992357e-05,committed
10,1790970115.9472399,1.780699999998081e-05,committed
11,1790970115.9481149,2.1441000000010924e-05,committed
12,1790970115.948749,0.00014422899999999572,committed
13,1790970115.9495401,2.2511000000002834e-05,committed
14,1790970115.9504619,2.0478000000018204e-05,committed
15,1790970115.950998,2.4304000000002768e-05,committed
16,1790970115.9515011,2.502400000001237e-05,committed
17,1790970115.952351,9.457000000001603e-05,committed
18,1790970115.953032,3.2797000000001075e-05,committed
19,1790970115.953599,3.292800000001539e-05,committed
20,1790970115.9541702,3.262400000000887e-05,committed
21,1790970115.954863,3.317399999999693e-05,committed
0,1790970115.9384232,1.3060000000064687e-06,committed
1,1790970115.9389381,3.1090000000011386e-06,committed
2,1790970115.942337,4.512000000012062e-06,committed
3,1790970115.9427001,7.487999999999939e-06,committed
4,1790970115.943037,8.889000000011915e-06,committed
5,1790970115.943375,1.0231999999998909e-05,committed
6,1790970115.943719,1.1426000000008818e-05,committed
7,1790970115.945199,1.2650000000002937e-05,committed
8,1790970115.94592,1.6302999999995293e-05,committed
9,1790970115.9465442,2.3690999999992357e-05,committed
10,1790970115.9472399,1.780699999998081e-05,committed
11,1790970115.9481149,2.1441000000010924e-05,committed
12,1790970115.948749,0.00014422899999999572,committed
13,1790970115.9495401,2.2511000000002834e-05,committed
14,1790970115.9504619,2.0478000000018204e-05,committed
15,1790970115.950998,2.4304000000002768e-05,committed
16,1790970115.9515011,2.502400000001237e-05,committed
17,1790970115.952351,9.457000000001603e-05,committed
18,1790970115.953032,3.2797000000001075e-05,committed
19,1790970115.953599,3.292800000001539e-05,committed
20,1790970115.9541702,3.262400000000887e-05,committed
21,1790970115.954863,3.317399999999693e-05,committed
22,1790970115.95546,3.8541000000003045e-05,committed
0,1790970115.9384232,1.3060000000064687e-06,committed
1,1790970115.9389381,3.1090000000011386e-06,committed
2,1790970115.942337,4.512000000012062e-06,committed
3,1790970115.9427001,7.487999999999939e-06,committed
4,1790970115.943037,8.889000000011915e-06,committed
5,1790970115.943375,1.0231999999998909e-05,committed
6,1790970115.943719,1.1426000000008818e-05,committed
7,1790970115.945199,1.2650000000002937e-05,committed
8,1790970115.94592,1.6302999999995293e-05,committed
9,1790970115.9465442,2.3690999999992357e-05,committed
10,1790970115.9472399,1.780699999998081e-05,committed
11,1790970115.9481149,2.1441000000010924e-05,committed
12,1790970115.948749,0.00014422899999999572,committed
13,1790970115.9495401,2.2511000000002834e-05,committed
14,1790970115.9504619,2.0478000000018204e-05,committed
15,1790970115.950998,2.4304000000002768e-05,committed
16,1790970115.9515011,2.502400000001237e-05,committed
17,1790970115.952351,9.457000000001603e-05,committed
18,1790970115.953032,3.2797000000001075e-05,committed
19,1790970115.953599,3.292800000001539e-05,committed
20,1790970115.9541702,3.262400000000887e-05,committed
21,1790970115.954863,3.317399999999693e-05,committed
22,1790970115.95546,3.8541000000003045e-05,committed
23,1790970115.956052,3.891000000000311e-05,committed
0,1790970115.9384232,1.3060000000064687e-06,committed
1,1790970115.9389381,3.1090000000011386e-06,committed
2,1790970115.942337,4.512000000012062e-06,committed
3,1790970115.9427001,7.487999999999939e-06,committed
4,1790970115.943037,8.889000000011915e-06,committed
5,1790970115.943375,1.0231999999998909e-05,committed
6,1790970115.943719,1.1426000000008818e-05,committed
7,1790970115.945199,1.2650000000002937e-05,committed
8,1790970115.94592,1.6302999999995293e-05,committed
9,1790970115.9465442,2.3690999999992357e-05,committed
10,1790970115.9472399,1.780699999998081e-05,committed
11,1790970115.9481149,2.1441000000010924e-05,committed
12,1790970115.948749,0.00014422899999999572,committed
13,1790970115.9495401,2.2511000000002834e-05,committed
14,1790970115.9504619,2.0478000000018204e-05,committed
15,1790970115.950998,2.4304000000002768e-05,committed
16,1790970115.9515011,2.502400000001237e-05,committed
17,1790970115.952351,9.457000000001603e-05,committed
18,1790970115.953032,3.2797000000001075e-05,committed
19,1790970115.953599,3.292800000001539e-05,committed
20,1790970115.9541702,3.262400000000887e-05,committed
21,1790970115.954863,3.317399999999693e-05,committed
22,1790970115.95546,3.8541000000003045e-05,committed
23,1790970115.956052,3.891000000000311e-05,committed
24,1790970115.956657,4.152099999998882e-05,committed
0,1790970115.9384232,1.3060000000064687e-06,committed
1,1790970115.9389381,3.1090000000011386e-06,committed
2,1790970115.942337,4.512000000012062e-06,committed
3,1790970115.9427001,7.487999999999939e-06,committed
4,1790970115.943037,8.889000000011915e-06,committed
5,1790970115.943375,1.0231999999998909e-05,committed
6,1790970115.943719,1.1426000000008818e-05,committed
7,1790970115.945199,1.2650000000002937e-05,committed
8,1790970115.94592,1.6302999999995293e-05,committed
9,1790970115.9465442,2.3690999999992357e-05,committed
10,1790970115.9472399,1.780699999998081e-05,committed
11,1790970115.9481149,2.1441000000010924e-05,committed
12,1790970115.948749,0.00014422899999999572,committed
13,1790970115.9495401,2.2511000000002834e-05,committed
14,1790970115.9504619,2.0478000000018204e-05,committed
15,1790970115.950998,2.4304000000002768e-05,committed
16,1790970115.9515011,2.502400000001237e-05,committed
17,1790970115.952351,9.457000000001603e-05,committed
18,1790970115.953032,3.2797000000001075e-05,committed
19,1790970115.953599,3.292800000001539e-05,committed
20,1790970115.9541702,3.262400000000887e-05,committed
21,1790970115.954863,3.317399999999693e-05,committed
22,1790970115.95546,3.8541000000003045e-05,committed
23,1790970115.956052,3.891000000000311e-05,committed
24,1790970115.956657,4.152099999998882e-05,committed
25,1790970115.957376,4.4069999999979403e-05,committed
0,1790970115.9384232,1.3060000000064687e-06,committed
1,1790970115.9389381,3.1090000000011386e-06,committed
2,1790970115.942337,4.512000000012062e-06,committed
3,1790970115.9427001,7.487999999999939e-06,committed
4,1790970115.943037,8.889000000011915e-06,committed
5,1790970115.943375,1.0231999999998909e-05,committed
6,1790970115.943719,1.1426000000008818e-05,committed
7,1790970115.945199,1.2650000000002937e-05,committed
8,1790970115.94592,1.6302999999995293e-05,committed
9,1790970115.9465442,2.3690999999992357e-05,committed
10,1790970115.9472399,1.780699999998081e-05,committed
11,1790970115.9481149,2.1441000000010924e-05,committed
12,1790970115.948749,0.00014422899999999572,committed
13,1790970115.9495401,2.2511000000002834e-05,committed
14,1790970115.9504619,2.0478000000018204e-05,committed
15,1790970115.950998,2.4304000000002768e-05,committed
16,1790970115.9515011,2.502400000001237e-05,committed
17,1790970115.952351,9.457000000001603e-05,committed
18,1790970115.953032,3.2797000000001075e-05,committed
19,1790970115.953599,3.292800000001539e-05,committed
20,1790970115.9541702,3.262400000000887e-05,committed
21,1790970115.954863,3.317399999999693e-05,committed
22,1790970115.95546,3.8541000000003045e-05,committed
23,1790970115.956052,3.891000000000311e-05,committed
24,1790970115.956657,4.152099999998882e-05,committed
25,1790970115.957376,4.4069999999979403e-05,committed
26,1790970115.958029,4.013199999999828e-05,committed
0,1790970115.9384232,1.3060000000064687e-06,committed
1,1790970115.9389381,3.1090000000011386e-06,committed
2,1790970115.942337,4.512000000012062e-06,committed
3,1790970115.9427001,7.487999999999939e-06,committed
4,1790970115.943037,8.889000000011915e-06,committed
5,1790970115.943375,1.0231999999998909e-05,committed
6,1790970115.943719,1.1426000000008818e-05,committed
7,1790970115.945199,1.2650000000002937e-05,committed
8,1790970115.94592,1.6302999999995293e-05,committed
9,1790970115.9465442,2.3690999999992357e-05,committed
10,1790970115.9472399,1.780699999998081e-05,committed
11,1790970115.9481149,2.1441000000010924e-05,committed
12,1790970115.948749,0.00014422899999999572,committed
13,1790970115.9495401,2.2511000000002834e-05,committed
14,1790970115.9504619,2.0478000000018204e-05,committed
15,1790970115.950998,2.4304000000002768e-05,committed
16,1790970115.9515011,2.502400000001237e-05,committed
17,1790970115.952351,9.457000000001603e-05,committed
18,1790970115.953032,3.2797000000001075e-05,committed
19,1790970115.953599,3.292800000001539e-05,committed
20,1790970115.9541702,3.262400000000887e-05,committed
21,1790970115.954863,3.317399999999693e-05,committed
22,1790970115.95546,3.8541000000003045e-05,committed
23,1790970115.956052,3.891000000000311e-05,committed
24,1790970115.956657,4.152099999998882e-05,committed
25,1790970115.957376,4.4069999999979403e-05,committed
26,1790970115.958029,4.013199999999828e-05,committed
27,1790970115.958782,4.702800000000451e-05,committed
0,1790970115.9384232,1.3060000000064687e-06,committed
1,1790970115.9389381,3.1090000000011386e-06,committed
2,1790970115.942337,4.512000000012062e-06,committed
3,1790970115.9427001,7.487999999999939e-06,committed
4,1790970115.943037,8.889000000011915e-06,committed
5,1790970115.943375,1.0231999999998909e-05,committed
6,1790970115.943719,1.1426000000008818e-05,committed
7,1790970115.945199,1.2650000000002937e-05,committed
8,1790970115.94592,1.6302999999995293e-05,committed
9,1790970115.9465442,2.3690999999992357e-05,committed
10,1790970115.9472399,1.780699999998081e-05,committed
11,1790970115.9481149,2.1441000000010924e-05,committed
12,1790970115.948749,0.00014422899999999572,committed
13,1790970115.9495401,2.2511000000002834e-05,committed
14,1790970115.9504619,2.0478000000018204e-05,committed
15,1790970115.950998,2.4304000000002768e-05,committed
16,1790970115.9515011,2.502400000001237e-05,committed
17,1790970115.952351,9.457000000001603e-05,committed
18,1790970115.953032,3.2797000000001075e-05,committed
19,1790970115.953599,3.292800000001539e-05,committed
20,1790970115.9541702,3.262400000000887e-05,committed
21,1790970115.954863,3.317399999999693e-05,committed
22,1790970115.95546,3.8541000000003045e-05,committed
23,1790970115.956052,3.891000000000311e-05,committed
24,1790970115.956657,4.152099999998882e-05,committed
25,1790970115.957376,4.4069999999979403e-05,committed
26,1790970115.958029,4.013199999999828e-05,committed
27,1790970115.958782,4.702800000000451e-05,committed
28,1790970115.959459,4.682899999999823e-05,committed
0,1790970115.9384232,1.3060000000064687e-06,committed
1,1790970115.9389381,3.1090000000011386e-06,committed
2,1790970115.942337,4.512000000012062e-06,committed
3,1790970115.9427001,7.487999999999939e-06,committed
4,1790970115.943037,8.889000000011915e-06,committed
5,1790970115.943375,1.0231999999998909e-05,committed
6,1790970115.943719,1.1426000000008818e-05,committed
7,1790970115.945199,1.2650000000002937e-05,committed
8,1790970115.94592,1.6302999999995293e-05,committed
9,1790970115.9465442,2.3690999999992357e-05,committed
10,1790970115.9472399,1.780699999998081e-05,committed
11,1790970115.9481149,2.1441000000010924e-05,committed
12,1790970115.948749,0.00014422899999999572,committed
13,1790970115.9495401,2.2511000000002834e-05,committed
14,1790970115.9504619,2.0478000000018204e-05,committed
15,1790970115.950998,2.4304000000002768e-05,committed
16,1790970115.9515011,2.502400000001237e-05,committed
17,1790970115.952351,9.457000000001603e-05,committed
18,1790970115.953032,3.2797000000001075e-05,committed
19,1790970115.953599,3.292800000001539e-05,committed
20,1790970115.9541702,3.262400000000887e-05,committed
21,1790970115.954863,3.317399999999693e-05,committed
22,1790970115.95546,3.8541000000003045e-05,committed
23,1790970115.956052,3.891000000000311e-05,committed
24,1790970115.956657,4.152099999998882e-05,committed
25,1790970115.957376,4.4069999999979403e-05,committed
26,1790970115.958029,4.013199999999828e-05,committed
27,1790970115.958782,4.702800000000451e-05,committed
28,1790970115.959459,4.682899999999823e-05,committed
29,1790970115.960267,4.6498000000005923e-05,committed
0,1790970115.9384232,1.3060000000064687e-06,committed
1,1790970115.9389381,3.1090000000011386e-06,committed
2,1790970115.942337,4.512000000012062e-06,committed
3,1790970115.9427001,7.487999999999939e-06,committed
4,1790970115.943037,8.889000000011915e-06,committed
5,1790970115.943375,1.0231999999998909e-05,committed
6,1790970115.943719,1.1426000000008818e-05,committed
7,1790970115.945199,1.2650000000002937e-05,committed
8,1790970115.94592,1.6302999999995293e-05,committed
9,1790970115.9465442,2.3690999999992357e-05,committed
10,1790970115.9472399,1.780699999998081e-05,committed
11,1790970115.9481149,2.1441000000010924e-05,committed
12,1790970115.948749,0.00014422899999999572,committed
13,1790970115.9495401,2.2511000000002834e-05,committed
14,1790970115.9504619,2.0478000000018204e-05,committed
15,1790970115.950998,2.4304000000002768e-05,committed
16,1790970115.9515011,2.502400000001237e-05,committed
17,1790970115.952351,9.457000000001603e-05,committed
18,1790970115.953032,3.2797000000001075e-05,committed
19,1790970115.953599,3.292800000001539e-05,committed
20,1790970115.9541702,3.262400000000887e-05,committed
21,1790970115.954863,3.317399999999693e-05,committed
22,1790970115.95546,3.8541000000003045e-05,committed
23,1790970115.956052,3.891000000000311e-05,committed
24,1790970115.956657,4.152099999998882e-05,committed
25,1790970115.957376,4.4069999999979403e-05,committed
26,1790970115.958029,4.013199999999828e-05,committed
27,1790970115.958782,4.702800000000451e-05,committed
28,1790970115.959459,4.682899999999823e-05,committed
29,1790970115.960267,4.6498000000005923e-05,committed
30,1790970115.961032,2.7947000000000388e-05,committed
0,1790970115.9384232,1.3060000000064687e-06,committed
1,1790970115.9389381,3.1090000000011386e-06,committed
2,1790970115.942337,4.512000000012062e-06,committed
3,1790970115.9427001,7.487999999999939e-06,committed
4,1790970115.943037,8.889000000011915e-06,committed
5,1790970115.943375,1.0231999999998909e-05,committed
6,1790970115.943719,1.1426000000008818e-05,committed
7,1790970115.945199,1.2650000000002937e-05,committed
8,1790970115.94592,1.6302999999995293e-05,committed
9,1790970115.9465442,2.3690999999992357e-05,committed
10,1790970115.9472399,1.780699999998081e-05,committed
11,1790970115.9481149,2.1441000000010924e-05,committed
12,1790970115.948749,0.00014422899999999572,committed
13,1790970115.9495401,2.2511000000002834e-05,committed
14,1790970115.9504619,2.0478000000018204e-05,committed
15,1790970115.950998,2.4304000000002768e-05,committed
16,1790970115.9515011,2.502400000001237e-05,committed
17,1790970115.952351,9.457000000001603e-05,committed
18,1790970115.953032,3.2797000000001075e-05,committed
19,1790970115.953599,3.292800000001539e-05,committed
20,1790970115.9541702,3.262400000000887e-05,committed
21,1790970115.954863,3.317399999999693e-05,committed
22,1790970115.95546,3.8541000000003045e-05,committed
23,1790970115.956052,3.891000000000311e-05,committed
24,1790970115.956657,4.152099999998882e-05,committed
25,1790970115.957376,4.4069999999979403e-05,committed
26,1790970115.958029,4.013199999999828e-05,committed
27,1790970115.958782,4.702800000000451e-05,committed
28,1790970115.959459,4.682899999999823e-05,committed
29,1790970115.960267,4.6498000000005923e-05,committed
30,1790970115.961032,2.7947000000000388e-05,committed
31,1790970115.962709,5.006400000001632e-05,committed
0,1790970115.9384232,1.3060000000064687e-06,committed
1,1790970115.9389381,3.1090000000011386e-06,committed
2,1790970115.942337,4.512000000012062e-06,committed
3,1790970115.9427001,7.487999999999939e-06,committed
4,1790970115.943037,8.889000000011915e-06,committed
5,1790970115.943375,1.0231999999998909e-05,committed
6,1790970115.943719,1.1426000000008818e-05,committed
7,1790970115.945199,1.2650000000002937e-05,committed
8,1790970115.94592,1.6302999999995293e-05,committed
9,1790970115.9465442,2.3690999999992357e-05,committed
10,1790970115.9472399,1.780699999998081e-05,committed
11,1790970115.9481149,2.1441000000010924e-05,committed
12,1790970115.948749,0.00014422899999999572,committed
13,1790970115.9495401,2.2511000000002834e-05,committed
14,1790970115.9504619,2.0478000000018204e-05,committed
15,1790970115.950998,2.4304000000002768e-05,committed
16,1790970115.9515011,2.502400000001237e-05,committed
17,1790970115.952351,9.457000000001603e-05,committed
18,1790970115.953032,3.2797000000001075e-05,committed
19,1790970115.953599,3.292800000001539e-05,committed
20,1790970115.9541702,3.262400000000887e-05,committed
21,1790970115.954863,3.317399999999693e-05,committed
22,1790970115.95546,3.8541000000003045e-05,committed
23,1790970115.956052,3.891000000000311e-05,committed
24,1790970115.956657,4.152099999998882e-05,committed
25,1790970115.957376,4.4069999999979403e-05,committed
26,1790970115.958029,4.013199999999828e-05,committed
27,1790970115.958782,4.702800000000451e-05,committed
28,1790970115.959459,4.682899999999823e-05,committed
29,1790970115.960267,4.6498000000005923e-05,committed
30,1790970115.961032,2.7947000000000388e-05,committed
31,1790970115.962709,5.006400000001632e-05,committed
32,1790970115.964381,6.679999999997799e-05,committed
0,1790970115.9384232,1.3060000000064687e-06,committed
1,1790970115.9389381,3.1090000000011386e-06,committed
2,1790970115.942337,4.512000000012062e-06,committed
3,1790970115.9427001,7.487999999999939e-06,committed
4,1790970115.943037,8.889000000011915e-06,committed
5,1790970115.943375,1.0231999999998909e-05,committed
6,1790970115.943719,1.1426000000008818e-05,committed
7,1790970115.945199,1.2650000000002937e-05,committed
8,1790970115.94592,1.6302999999995293e-05,committed
9,1790970115.9465442,2.3690999999992357e-05,committed
10,1790970115.9472399,1.780699999998081e-05,committed
11,1790970115.9481149,2.1441000000010924e-05,committed
12,1790970115.948749,0.00014422899999999572,committed
13,1790970115.9495401,2.2511000000002834e-05,committed
14,1790970115.9504619,2.0478000000018204e-05,committed
15,1790970115.950998,2.4304000000002768e-05,committed
16,1790970115.9515011,2.502400000001237e-05,committed
17,1790970115.952351,9.457000000001603e-05,committed
18,1790970115.953032,3.2797000000001075e-05,committed
19,1790970115.953599,3.292800000001539e-05,committed
20,1790970115.9541702,3.262400000000887e-05,committed
21,1790970115.954863,3.317399999999693e-05,committed
22,1790970115.95546,3.8541000000003045e-05,committed
23,1790970115.956052,3.891000000000311e-05,committed
24,1790970115.956657,4.152099999998882e-05,committed
25,1790970115.957376,4.4069999999979403e-05,committed
26,1790970115.958029,4.013199999999828e-05,committed
27,1790970115.958782,4.702800000000451e-05,committed
28,1790970115.959459,4.682899999999823e-05,committed
29,1790970115.960267,4.6498000000005923e-05,committed
30,1790970115.961032,2.7947000000000388e-05,committed
31,1790970115.962709,5.006400000001632e-05,committed
32,1790970115.964381,6.679999999997799e-05,committed
33,1790970115.965395,5.856899999998055e-05,committed
0,1790970115.9384232,1.3060000000064687e-06,committed
1,1790970115.9389381,3.1090000000011386e-06,committed
2,1790970115.942337,4.512000000012062e-06,committed
3,1790970115.9427001,7.487999999999939e-06,committed
4,1790970115.943037,8.889000000011915e-06,committed
5,1790970115.943375,1.0231999999998909e-05,committed
6,1790970115.943719,1.1426000000008818e-05,committed
7,1790970115.945199,1.2650000000002937e-05,committed
8,1790970115.94592,1.6302999999995293e-05,committed
9,1790970115.9465442,2.3690999999992357e-05,committed
10,1790970115.9472399,1.780699999998081e-05,committed
11,1790970115.9481149,2.1441000000010924e-05,committed
12,1790970115.948749,0.00014422899999999572,committed
13,1790970115.9495401,2.2511000000002834e-05,committed
14,1790970115.9504619,2.0478000000018204e-05,committed
15,1790970115.950998,2.4304000000002768e-05,committed
16,1790970115.9515011,2.502400000001237e-05,committed
17,1790970115.952351,9.457000000001603e-05,committed
18,1790970115.953032,3.2797000000001075e-05,committed
19,1790970115.953599,3.292800000001539e-05,committed
20,1790970115.9541702,3.262400000000887e-05,committed
21,1790970115.954863,3.317399999999693e-05,committed
22,1790970115.95546,3.8541000000003045e-05,committed
23,1790970115.956052,3.891000000000311e-05,committed
24,1790970115.956657,4.152099999998882e-05,committed
25,1790970115.957376,4.4069999999979403e-05,committed
26,1790970115.958029,4.013199999999828e-05,committed
27,1790970115.958782,4.702800000000451e-05,committed
28,1790970115.959459,4.682899999999823e-05,committed
29,1790970115.960267,4.6498000000005923e-05,committed
30,1790970115.961032,2.7947000000000388e-05,committed
31,1790970115.962709,5.006400000001632e-05,committed
32,1790970115.964381,6.679999999997799e-05,committed
33,1790970115.965395,5.856899999998055e-05,committed
34,1790970115.966279,5.747100000000338e-05,committed
0,1790970115.9384232,1.3060000000064687e-06,committed
1,1790970115.9389381,3.1090000000011386e-06,committed
2,1790970115.942337,4.512000000012062e-06,committed
3,1790970115.9427001,7.487999999999939e-06,committed
4,1790970115.943037,8.889000000011915e-06,committed
5,1790970115.943375,1.0231999999998909e-05,committed
6,1790970115.943719,1.1426000000008818e-05,committed
7,1790970115.945199,1.2650000000002937e-05,committed
8,1790970115.94592,1.6302999999995293e-05,committed
9,1790970115.9465442,2.3690999999992357e-05,committed
10,1790970115.9472399,1.780699999998081e-05,committed
11,1790970115.9481149,2.1441000000010924e-05,committed
12,1790970115.948749,0.00014422899999999572,committed
13,1790970115.9495401,2.2511000000002834e-05,committed
14,1790970115.9504619,2.0478000000018204e-05,committed
15,1790970115.950998,2.4304000000002768e-05,committed
16,1790970115.9515011,2.502400000001237e-05,committed
17,1790970115.952351,9.457000000001603e-05,committed
18,1790970115.953032,3.2797000000001075e-05,committed
19,1790970115.953599,3.292800000001539e-05,committed
20,1790970115.9541702,3.262400000000887e-05,committed
21,1790970115.954863,3.317399999999693e-05,committed
22,1790970115.95546,3.8541000000003045e-05,committed
23,1790970115.956052,3.891000000000311e-05,committed
24,1790970115.956657,4.152099999998882e-05,committed
25,1790970115.957376,4.4069999999979403e-05,committed
26,1790970115.958029,4.013199999999828e-05,committed
27,1790970115.958782,4.702800000000451e-05,committed
28,1790970115.959459,4.682899999999823e-05,committed
29,1790970115.960267,4.6498000000005923e-05,committed
30,1790970115.961032,2.7947000000000388e-05,committed
31,1790970115.962709,5.006400000001632e-05,committed
32,1790970115.964381,6.679999999997799e-05,committed
33,1790970115.965395,5.856899999998055e-05,committed
34,1790970115.966279,5.747100000000338e-05,committed
35,1790970115.967577,5.295999999999079e-05,committed
0,1790970115.9384232,1.3060000000064687e-06,committed
1,1790970115.9389381,3.1090000000011386e-06,committed
2,1790970115.942337,4.512000000012062e-06,committed
3,1790970115.9427001,7.487999999999939e-06,committed
4,1790970115.943037,8.889000000011915e-06,committed
5,1790970115.943375,1.0231999999998909e-05,committed
6,1790970115.943719,1.1426000000008818e-05,committed
7,1790970115.945199,1.2650000000002937e-05,committed
8,1790970115.94592,1.6302999999995293e-05,committed
9,1790970115.9465442,2.3690999999992357e-05,committed
10,1790970115.9472399,1.780699999998081e-05,committed
11,1790970115.9481149,2.1441000000010924e-05,committed
12,1790970115.948749,0.00014422899999999572,committed
13,1790970115.9495401,2.2511000000002834e-05,committed
14,1790970115.9504619,2.0478000000018204e-05,committed
15,1790970115.950998,2.4304000000002768e-05,committed
16,1790970115.9515011,2.502400000001237e-05,committed
17,1790970115.952351,9.457000000001603e-05,committed
18,1790970115.953032,3.2797000000001075e-05,committed
19,1790970115.953599,3.292800000001539e-05,committed
20,1790970115.9541702,3.262400000000887e-05,committed
21,1790970115.954863,3.317399999999693e-05,committed
22,1790970115.95546,3.8541000000003045e-05,committed
23,1790970115.956052,3.891000000000311e-05,committed
24,1790970115.956657,4.152099999998882e-05,committed
25,1790970115.957376,4.4069999999979403e-05,committed
26,1790970115.958029,4.013199999999828e-05,committed
27,1790970115.958782,4.702800000000451e-05,committed
28,1790970115.959459,4.682899999999823e-05,committed
29,1790970115.960267,4.6498000000005923e-05,committed
30,1790970115.961032,2.7947000000000388e-05,committed
31,1790970115.962709,5.006400000001632e-05,committed
32,1790970115.964381,6.679999999997799e-05,committed
33,1790970115.965395,5.856899999998055e-05,committed
34,1790970115.966279,5.747100000000338e-05,committed
35,1790970115.967577,5.295999999999079e-05,committed
36,1790970115.968749,0.00011233600000001842,committed
0,1790970115.9384232,1.3060000000064687e-06,committed
1,1790970115.9389381,3.1090000000011386e-06,committed
2,1790970115.942337,4.512000000012062e-06,committed
3,1790970115.9427001,7.487999999999939e-06,committed
4,1790970115.943037,8.889000000011915e-06,committed
5,1790970115.943375,1.0231999999998909e-05,committed
6,1790970115.943719,1.1426000000008818e-05,committed
7,1790970115.945199,1.2650000000002937e-05,committed
8,1790970115.94592,1.6302999999995293e-05,committed
9,1790970115.9465442,2.3690999999992357e-05,committed
10,1790970115.9472399,1.780699999998081e-05,committed
11,1790970115.9481149,2.1441000000010924e-05,committed
12,1790970115.948749,0.00014422899999999572,committed
13,1790970115.9495401,2.2511000000002834e-05,committed
14,1790970115.9504619,2.0478000000018204e-05,committed
15,1790970115.950998,2.4304000000002768e-05,committed
16,1790970115.9515011,2.502400000001237e-05,committed
17,1790970115.952351,9.457000000001603e-05,committed
18,1790970115.953032,3.2797000000001075e-05,committed
19,1790970115.953599,3.292800000001539e-05,committed
20,1790970115.9541702,3.262400000000887e-05,committed
21,1790970115.954863,3.317399999999693e-05,committed
22,1790970115.95546,3.8541000000003045e-05,committed
23,1790970115.956052,3.891000000000311e-05,committed
24,1790970115.956657,4.152099999998882e-05,committed
25,1790970115.957376,4.4069999999979403e-05,committed
26,1790970115.958029,4.013199999999828e-05,committed
27,1790970115.958782,4.702800000000451e-05,committed
28,1790970115.959459,4.682899999999823e-05,committed
29,1790970115.960267,4.6498000000005923e-05,committed
30,1790970115.961032,2.7947000000000388e-05,committed
31,1790970115.962709,5.006400000001632e-05,committed
32,1790970115.964381,6.679999999997799e-05,committed
33,1790970115.965395,5.856899999998055e-05,committed
34,1790970115.966279,5.747100000000338e-05,committed
35,1790970115.967577,5.295999999999079e-05,committed
36,1790970115.968749,0.00011233600000001842,committed
37,1790970115.969955,5.2290000000010384e-05,committed
0,1790970115.9384232,1.3060000000064687e-06,committed
1,1790970115.9389381,3.1090000000011386e-06,committed
2,1790970115.942337,4.512000000012062e-06,committed
3,1790970115.9427001,7.487999999999939e-06,committed
4,1790970115.943037,8.889000000011915e-06,committed
5,1790970115.943375,1.0231999999998909e-05,committed
6,1790970115.943719,1.1426000000008818e-05,committed
7,1790970115.945199,1.2650000000002937e-05,committed
8,1790970115.94592,1.6302999999995293e-05,committed
9,1790970115.9465442,2.3690999999992357e-05,committed
10,1790970115.9472399,1.780699999998081e-05,committed
11,1790970115.9481149,2.1441000000010924e-05,committed
12,1790970115.948749,0.00014422899999999572,committed
13,1790970115.9495401,2.2511000000002834e-05,committed
14,1790970115.9504619,2.0478000000018204e-05,committed
15,1790970115.950998,2.4304000000002768e-05,committed
16,1790970115.9515011,2.502400000001237e-05,committed
17,1790970115.952351,9.457000000001603e-05,committed
18,1790970115.953032,3.2797000000001075e-05,committed
19,1790970115.953599,3.292800000001539e-05,committed
20,1790970115.9541702,3.262400000000887e-05,committed
21,1790970115.954863,3.317399999999693e-05,committed
22,1790970115.95546,3.8541000000003045e-05,committed
23,1790970115.956052,3.891000000000311e-05,committed
24,1790970115.956657,4.152099999998882e-05,committed
25,1790970115.957376,4.4069999999979403e-05,committed
26,1790970115.958029,4.013199999999828e-05,committed
27,1790970115.958782,4.702800000000451e-05,committed
28,1790970115.959459,4.682899999999823e-05,committed
29,1790970115.960267,4.6498000000005923e-05,committed
30,1790970115.961032,2.7947000000000388e-05,committed
31,1790970115.962709,5.006400000001632e-05,committed
32,1790970115.964381,6.679999999997799e-05,committed
33,1790970115.965395,5.856899999998055e-05,committed
34,1790970115.966279,5.747100000000338e-05,committed
35,1790970115.967577,5.295999999999079e-05,committed
36,1790970115.968749,0.00011233600000001842,committed
37,1790970115.969955,5.2290000000010384e-05,committed
38,1790970115.97105,0.00011376599999998738,committed
0,1790970115.9384232,1.3060000000064687e-06,committed
1,1790970115.9389381,3.1090000000011386e-06,committed
2,1790970115.942337,4.512000000012062e-06,committed
3,1790970115.9427001,7.487999999999939e-06,committed
4,1790970115.943037,8.889000000011915e-06,committed
5,1790970115.943375,1.0231999999998909e-05,committed
6,1790970115.943719,1.1426000000008818e-05,committed
7,1790970115.945199,1.2650000000002937e-05,committed
8,1790970115.94592,1.6302999999995293e-05,committed
9,1790970115.9465442,2.3690999999992357e-05,committed
10,1790970115.9472399,1.780699999998081e-05,committed
11,1790970115.9481149,2.1441000000010924e-05,committed
12,1790970115.948749,0.00014422899999999572,committed
13,1790970115.9495401,2.2511000000002834e-05,committed
14,1790970115.9504619,2.0478000000018204e-05,committed
15,1790970115.950998,2.4304000000002768e-05,committed
16,1790970115.9515011,2.502400000001237e-05,committed
17,1790970115.952351,9.457000000001603e-05,committed
18,1790970115.953032,3.2797000000001075e-05,committed
19,1790970115.953599,3.292800000001539e-05,committed
20,1790970115.9541702,3.262400000000887e-05,committed
21,1790970115.954863,3.317399999999693e-05,committed
22,1790970115.95546,3.8541000000003045e-05,committed
23,1790970115.956052,3.891000000000311e-05,committed
24,1790970115.956657,4.152099999998882e-05,committed
25,1790970115.957376,4.4069999999979403e-05,committed
26,1790970115.958029,4.013199999999828e-05,committed
27,1790970115.958782,4.702800000000451e-05,committed
28,1790970115.959459,4.682899999999823e-05,committed
29,1790970115.960267,4.6498000000005923e-05,committed
30,1790970115.961032,2.7947000000000388e-05,committed
31,1790970115.962709,5.006400000001632e-05,committed
32,1790970115.964381,6.679999999997799e-05,committed
33,1790970115.965395,5.856899999998055e-05,committed
34,1790970115.966279,5.747100000000338e-05,committed
35,1790970115.967577,5.295999999999079e-05,committed
36,1790970115.968749,0.00011233600000001842,committed
37,1790970115.969955,5.2290000000010384e-05,committed
38,1790970115.97105,0.00011376599999998738,committed
39,1790970115.972092,8.861000000001673e-05,committed
0,1790970115.9384232,1.3060000000064687e-06,committed
1,1790970115.9389381,3.1090000000011386e-06,committed
2,1790970115.942337,4.512000000012062e-06,committed
3,1790970115.9427001,7.487999999999939e-06,committed
4,1790970115.943037,8.889000000011915e-06,committed
5,1790970115.943375,1.0231999999998909e-05,committed
6,1790970115.943719,1.1426000000008818e-05,committed
7,1790970115.945199,1.2650000000002937e-05,committed
8,1790970115.94592,1.6302999999995293e-05,committed
9,1790970115.9465442,2.3690999999992357e-05,committed
10,1790970115.9472399,1.780699999998081e-05,committed
11,1790970115.9481149,2.1441000000010924e-05,committed
12,1790970115.948749,0.00014422899999999572,committed
13,1790970115.9495401,2.2511000000002834e-05,committed
14,1790970115.9504619,2.0478000000018204e-05,committed
15,1790970115.950998,2.4304000000002768e-05,committed
16,1790970115.9515011,2.502400000001237e-05,committed
17,1790970115.952351,9.457000000001603e-05,committed
18,1790970115.953032,3.2797000000001075e-05,committed
19,1790970115.953599,3.292800000001539e-05,committed
20,1790970115.9541702,3.262400000000887e-05,committed
21,1790970115.954863,3.317399999999693e-05,committed
22,1790970115.95546,3.8541000000003045e-05,committed
23,1790970115.956052,3.891000000000311e-05,committed
24,1790970115.956657,4.152099999998882e-05,committed
25,1790970115.957376,4.4069999999979403e-05,committed
26,1790970115.958029,4.013199999999828e-05,committed
27,1790970115.958782,4.702800000000451e-05,committed
28,1790970115.959459,4.682899999999823e-05,committed
29,1790970115.960267,4.6498000000005923e-05,committed
30,1790970115.961032,2.7947000000000388e-05,committed
31,1790970115.962709,5.006400000001632e-05,committed
32,1790970115.964381,6.679999999997799e-05,committed
33,1790970115.965395,5.856899999998055e-05,committed
34,1790970115.966279,5.747100000000338e-05,committed
35,1790970115.967577,5.295999999999079e-05,committed
36,1790970115.968749,0.00011233600000001842,committed
37,1790970115.969955,5.2290000000010384e-05,committed
38,1790970115.97105,0.00011376599999998738,committed
39,1790970115.972092,8.861000000001673e-05,committed
40,1790970115.97309,5.528700000001496e-05,committed
0,1790970115.9384232,1.3060000000064687e-06,committed
1,1790970115.9389381,3.1090000000011386e-06,committed
2,1790970115.942337,4.512000000012062e-06,committed
3,1790970115.9427001,7.487999999999939e-06,committed
4,1790970115.943037,8.889000000011915e-06,committed
5,1790970115.943375,1.0231999999998909e-05,committed
6,1790970115.943719,1.1426000000008818e-05,committed
7,1790970115.945199,1.2650000000002937e-05,committed
8,1790970115.94592,1.6302999999995293e-05,committed
9,1790970115.9465442,2.3690999999992357e-05,committed
10,1790970115.9472399,1.780699999998081e-05,committed
11,1790970115.9481149,2.1441000000010924e-05,committed
12,1790970115.948749,0.00014422899999999572,committed
13,1790970115.9495401,2.2511000000002834e-05,committed
14,1790970115.9504619,2.0478000000018204e-05,committed
15,1790970115.950998,2.4304000000002768e-05,committed
16,1790970115.9515011,2.502400000001237e-05,committed
17,1790970115.952351,9.457000000001603e-05,committed
18,1790970115.953032,3.2797000000001075e-05,committed
19,1790970115.953599,3.292800000001539e-05,committed
20,1790970115.9541702,3.262400000000887e-05,committed
21,1790970115.954863,3.317399999999693e-05,committed
22,1790970115.95546,3.8541000000003045e-05,committed
23,1790970115.956052,3.891000000000311e-05,committed
24,1790970115.956657,4.152099999998882e-05,committed
25,1790970115.957376,4.4069999999979403e-05,committed
26,1790970115.958029,4.013199999999828e-05,committed
27,1790970115.958782,4.702800000000451e-05,committed
28,1790970115.959459,4.682899999999823e-05,committed
29,1790970115.960267,4.6498000000005923e-05,committed
30,1790970115.961032,2.7947000000000388e-05,committed
31,1790970115.962709,5.006400000001632e-05,committed
32,1790970115.964381,6.679999999997799e-05,committed
33,1790970115.965395,5.856899999998055e-05,committed
34,1790970115.966279,5.747100000000338e-05,committed
35,1790970115.967577,5.295999999999079e-05,committed
36,1790970115.968749,0.00011233600000001842,committed
37,1790970115.969955,5.2290000000010384e-05,committed
38,1790970115.97105,0.00011376599999998738,committed
39,1790970115.972092,8.861000000001673e-05,committed
40,1790970115.97309,5.528700000001496e-05,committed
41,1790970115.974109,6.16509999999959e-05,committed
0,1790970115.9384232,1.3060000000064687e-06,committed
1,1790970115.9389381,3.1090000000011386e-06,committed
2,1790970115.942337,4.512000000012062e-06,committed
3,1790970115.9427001,7.487999999999939e-06,committed
4,1790970115.943037,8.889000000011915e-06,committed
5,1790970115.943375,1.0231999999998909e-05,committed
6,1790970115.943719,1.1426000000008818e-05,committed
7,1790970115.945199,1.2650000000002937e-05,committed
8,1790970115.94592,1.6302999999995293e-05,committed
9,1790970115.9465442,2.3690999999992357e-05,committed
10,1790970115.9472399,1.780699999998081e-05,committed
11,1790970115.9481149,2.1441000000010924e-05,committed
12,1790970115.948749,0.00014422899999999572,committed
13,1790970115.9495401,2.2511000000002834e-05,committed
14,1790970115.9504619,2.0478000000018204e-05,committed
15,1790970115.950998,2.4304000000002768e-05,committed
16,1790970115.9515011,2.502400000001237e-05,committed
17,1790970115.952351,9.457000000001603e-05,committed
18,1790970115.953032,3.2797000000001075e-05,committed
19,1790970115.953599,3.292800000001539e-05,committed
20,1790970115.9541702,3.262400000000887e-05,committed
21,1790970115.954863,3.317399999999693e-05,committed
22,1790970115.95546,3.8541000000003045e-05,committed
23,1790970115.956052,3.891000000000311e-05,committed
24,1790970115.956657,4.152099999998882e-05,committed
25,1790970115.957376,4.4069999999979403e-05,committed
26,1790970115.958029,4.013199999999828e-05,committed
27,1790970115.958782,4.702800000000451e-05,committed
28,1790970115.959459,4.682899999999823e-05,committed
29,1790970115.960267,4.6498000000005923e-05,committed
30,1790970115.961032,2.7947000000000388e-05,committed
31,1790970115.962709,5.006400000001632e-05,committed
32,1790970115.964381,6.679999999997799e-05,committed
33,1790970115.965395,5.856899999998055e-05,committed
34,1790970115.966279,5.747100000000338e-05,committed
35,1790970115.967577,5.295999999999079e-05,committed
36,1790970115.968749,0.00011233600000001842,committed
37,1790970115.969955,5.2290000000010384e-05,committed
38,1790970115.97105,0.00011376599999998738,committed
39,1790970115.972092,8.861000000001673e-05,committed
40,1790970115.97309,5.528700000001496e-05,committed
41,1790970115.974109,6.16509999999959e-05,committed
42,1790970115.975122,5.7850999999997654e-05,committed
0,1790970115.9384232,1.3060000000064687e-06,committed
1,1790970115.9389381,3.1090000000011386e-06,committed
2,1790970115.942337,4.512000000012062e-06,committed
3,1790970115.9427001,7.487999999999939e-06,committed
4,1790970115.943037,8.889000000011915e-06,committed
5,1790970115.943375,1.0231999999998909e-05,committed
6,1790970115.943719,1.1426000000008818e-05,committed
7,1790970115.945199,1.2650000000002937e-05,committed
8,1790970115.94592,1.6302999999995293e-05,committed
9,1790970115.9465442,2.3690999999992357e-05,committed
10,1790970115.9472399,1.780699999998081e-05,committed
11,1790970115.9481149,2.1441000000010924e-05,committed
12,1790970115.948749,0.00014422899999999572,committed
13,1790970115.9495401,2.2511000000002834e-05,committed
14,1790970115.9504619,2.0478000000018204e-05,committed
15,1790970115.950998,2.4304000000002768e-05,committed
16,1790970115.9515011,2.502400000001237e-05,committed
17,1790970115.952351,9.457000000001603e-05,committed
18,1790970115.953032,3.2797000000001075e-05,committed
19,1790970115.953599,3.292800000001539e-05,committed
20,1790970115.9541702,3.262400000000887e-05,committed
21,1790970115.954863,3.317399999999693e-05,committed
22,1790970115.95546,3.8541000000003045e-05,committed
23,1790970115.956052,3.891000000000311e-05,committed
24,1790970115.956657,4.152099999998882e-05,committed
25,1790970115.957376,4.4069999999979403e-05,committed
26,1790970115.958029,4.013199999999828e-05,committed
27,1790970115.958782,4.702800000000451e-05,committed
28,1790970115.959459,4.682899999999823e-05,committed
29,1790970115.960267,4.6498000000005923e-05,committed
30,1790970115.961032,2.7947000000000388e-05,committed
31,1790970115.962709,5.006400000001632e-05,committed
32,1790970115.964381,6.679999999997799e-05,committed
33,1790970115.965395,5.856899999998055e-05,committed
34,1790970115.966279,5.747100000000338e-05,committed
35,1790970115.967577,5.295999999999079e-05,committed
36,1790970115.968749,0.00011233600000001842,committed
37,1790970115.969955,5.2290000000010384e-05,committed
38,1790970115.97105,0.00011376599999998738,committed
39,1790970115.972092,8.861000000001673e-05,committed
40,1790970115.97309,5.528700000001496e-05,committed
41,1790970115.974109,6.16509999999959e-05,committed
42,1790970115.975122,5.7850999999997654e-05,committed
43,1790970115.976255,3.8221999999976664e-05,committed
0,1790970115.9384232,1.3060000000064687e-06,committed
1,1790970115.9389381,3.1090000000011386e-06,committed
2,1790970115.942337,4.512000000012062e-06,committed
3,1790970115.9427001,7.487999999999939e-06,committed
4,1790970115.943037,8.889000000011915e-06,committed
5,1790970115.943375,1.0231999999998909e-05,committed
6,1790970115.943719,1.1426000000008818e-05,committed
7,1790970115.945199,1.2650000000002937e-05,committed
8,1790970115.94592,1.6302999999995293e-05,committed
9,1790970115.9465442,2.3690999999992357e-05,committed
